<?xml version="1.0" encoding="UTF-8"?>
<beans xmlns="http://www.springframework.org/schema/beans"
       xmlns:xsi="http://www.w3.org/2001/XMLSchema-instance"
       xmlns:p="http://www.springframework.org/schema/p"
       xmlns:context="http://www.springframework.org/schema/context"
       xmlns:mvc="http://www.springframework.org/schema/mvc"
       xsi:schemaLocation="http://www.springframework.org/schema/beans
        http://www.springframework.org/schema/beans/spring-beans.xsd
        http://www.springframework.org/schema/context
        http://www.springframework.org/schema/context/spring-context.xsd http://www.springframework.org/schema/mvc http://www.springframework.org/schema/mvc/spring-mvc.xsd">


    <!--解决返回json数据乱码问题-->
    <bean id="stringHttpMessageConverter"
          class="org.springframework.http.converter.StringHttpMessageConverter">
        <property name="supportedMediaTypes">
            <list>
                <value>text/plain;charset=UTF-8</value>
                <value>application/json;charset=UTF-8</value>
            </list>
        </property>
    </bean>
    <mvc:annotation-driven>
        <mvc:message-converters>
            <ref bean="stringHttpMessageConverter" />
        </mvc:message-converters>
    </mvc:annotation-driven>

    <!--静态资源-->
    <mvc:resources mapping="/images/**" location="/images/" />
    <mvc:resources mapping="/js/**" location="/js/" />
    <mvc:resources mapping="/css/**" location="/css/" />
    <mvc:resources mapping="/html/**" location="/html/" />

    <!-- 注册组件扫描器 只扫描controller-->
    <context:component-scan base-package="com.monkey1024.controller"/>

    <!-- 视图解析器 -->
    <bean class="org.springframework.web.servlet.view.BeanNameViewResolver"/>

    <!--内部视图解析器-->
    <bean class="org.springframework.web.servlet.view.InternalResourceViewResolver">
        <property name="prefix" value="/html/"/>
        <property name="suffix" value=".html"/>
    </bean>

</beans>