<?xml version="1.0" encoding="UTF-8"?>
<beans xmlns="http://www.springframework.org/schema/beans"
       xmlns:xsi="http://www.w3.org/2001/XMLSchema-instance"
       xmlns:aop="http://www.springframework.org/schema/aop"
       xmlns:context="http://www.springframework.org/schema/context"
       xsi:schemaLocation="http://www.springframework.org/schema/beans
        http://www.springframework.org/schema/beans/spring-beans.xsd
        http://www.springframework.org/schema/aop
        http://www.springframework.org/schema/aop/spring-aop.xsd
        http://www.springframework.org/schema/context
        http://www.springframework.org/schema/context/spring-context.xsd">

    <!--加载数据库配置文件-->
    <context:property-placeholder location="classpath:db.properties"/>

    <!--注册组件扫描-->
    <context:component-scan base-package="com.monkey1024">
        <!--不再扫描controller注解-->
        <context:exclude-filter type="annotation" expression="org.springframework.stereotype.Controller"/>
    </context:component-scan>

    <!--数据库连接池-->
    <bean id="dataSource" class="com.alibaba.druid.pool.DruidDataSource">
        <property name="url" value="${jdbc.url}"/>
        <property name="username" value="${jdbc.user}"/>
        <property name="password" value="${jdbc.password}"/>
        <property name="driverClassName" value="${jdbc.driver}"/>
        <property name="maxActive" value="10"/>
        <property name="minIdle" value="5"/>
    </bean>

    <!--让spring管理SqlSessionFactory-->
    <bean id="sqlSessionFactory" class="org.mybatis.spring.SqlSessionFactoryBean">
        <!--配置数据库连接池-->
        <property name="dataSource" ref="dataSource"/>
        <!--加载mybatis全局配置文件-->
        <property name="configLocation" value="classpath:mybatis.xml"/>
    </bean>

    <!--自动扫描将mapper接口生成代理对象-->
    <bean class="org.mybatis.spring.mapper.MapperScannerConfigurer">
        <!--mapper文件所在的路径-->
        <property name="basePackage" value="com.monkey1024.dao"/>
    </bean>
</beans>