<beans xmlns="http://www.springframework.org/schema/beans"
       xmlns:xsi="http://www.w3.org/2001/XMLSchema-instance"
       xmlns:aop="http://www.springframework.org/schema/aop"
       xmlns:context="http://www.springframework.org/schema/context"
       xsi:schemaLocation="http://www.springframework.org/schema/beans
    http://www.springframework.org/schema/beans/spring-beans.xsd
    http://www.springframework.org/schema/aop
    http://www.springframework.org/schema/aop/spring-aop.xsd
    http://www.springframework.org/schema/context
    http://www.springframework.org/schema/context/spring-context.xsd">

    <!--使用构造方法进行注入-->
    <bean id="userService" class="com.UserServiceImpl">
        <constructor-arg name="userDao" ref="userDaoId"/>
    </bean>

    <bean id="userDaoId" class="com.monkey1024.dao.impl.UserDaoImpl"/>
    <!--使用set方式进行注入-->
    <!--<bean id="userService" class="com.UserServiceImpl">-->
        <!--<property name="userDao" ref="userDaoId"/>-->
    <!--</bean>-->
    <!--<bean id="userDaoId" class="com.monkey1024.dao.impl.UserDaoImpl"/>-->
</beans>