<beans xmlns="http://www.springframework.org/schema/beans"
       xmlns:xsi="http://www.w3.org/2001/XMLSchema-instance"
       xmlns:aop="http://www.springframework.org/schema/aop"
       xmlns:context="http://www.springframework.org/schema/context"
       xsi:schemaLocation="http://www.springframework.org/schema/beans
    http://www.springframework.org/schema/beans/spring-beans.xsd
    http://www.springframework.org/schema/aop
    http://www.springframework.org/schema/aop/spring-aop.xsd
    http://www.springframework.org/schema/context
    http://www.springframework.org/schema/context/spring-context.xsd">

    <!--注册bean-->
    <bean id="userService" class="com.monkey1024.service.impl.UserServiceImpl"/>
    <bean id="myAspect" class="com.monkey1024.aspect.MyAspect"/>

    <!--配置AOP-->
    <aop:config>
        <!--定义切入点-->
        <aop:pointcut id="addUserPointcut"
                      expression="execution(* com.monkey1024.service.impl.UserServiceImpl.addUser())"/>
        <aop:pointcut id="selectUserPointcut"
                      expression="execution(* com.monkey1024.service.impl.UserServiceImpl.selectUser())"/>
        <aop:pointcut id="selectUserByIdPointcut"
                      expression="execution(* com.monkey1024.service.impl.UserServiceImpl.selectUserById(..))"/>
        <aop:pointcut id="updateUserPointcut"
                      expression="execution(* com.monkey1024.service.impl.UserServiceImpl.updateUser())"/>
        <aop:pointcut id="deleteUserPointcut"
                      expression="execution(* com.monkey1024.service.impl.UserServiceImpl.deleteUser())"/>


        <!--定义切面-->
        <aop:aspect ref="myAspect">
            <!--前置通知-->
            <aop:before method="before" pointcut-ref="addUserPointcut"/>
            <!--后置通知-->
            <aop:after-returning method="afterReturning" pointcut-ref="updateUserPointcut" returning="result"/>
            <!--异常通知-->
            <aop:after-throwing method="afterThrowing" pointcut-ref="selectUserByIdPointcut" throwing="e"/>
            <!--最终通知-->
            <aop:after method="after" pointcut-ref="selectUserPointcut"/>
            <!--环绕通知-->
            <aop:around method="around" pointcut-ref="deleteUserPointcut"/>
        </aop:aspect>

    </aop:config>


</beans>