<?xml version="1.0" encoding="UTF-8" ?>
<!DOCTYPE mapper
        PUBLIC "-//mybatis.org//DTD Mapper 3.0//EN"
        "http://mybatis.org/dtd/mybatis-3-mapper.dtd">

<mapper namespace="com.monkey1024.dao.UserDao">

    <cache type="org.mybatis.caches.ehcache.EhcacheCache"/>

    <insert id="addUser">
        INSERT INTO t_user
            (name,
            phone,
            address,
            birthday)
        VALUES
            (#{name},
            #{phone},
            #{address},
            #{birthday})

        <selectKey resultType="int" keyProperty="id" order="AFTER">
            SELECT @@identity
        </selectKey>
    </insert>

    <delete id="deleteUser">
        DELETE  FROM t_user where id=#{id}
    </delete>

    <update id="updateUser">
        UPDATE t_user
        SET
        name = #{name},
        phone = #{phone},
        address = #{address},
        birthday = #{birthday}
        WHERE id = #{id};
    </update>

    <select id="selectUser" resultType="user">
        select id,name,phone,address,birthday FROM t_user
    </select>

    <select id="selectUserById" resultType="user">
        select id,name,phone,address,birthday FROM t_user WHERE id=#{id}
    </select>
</mapper>