<?xml version="1.0" encoding="UTF-8" ?>
<!DOCTYPE configuration
        PUBLIC "-//mybatis.org//DTD Config 3.0//EN"
        "http://mybatis.org/dtd/mybatis-3-config.dtd">
<configuration>

    <!--注册db配置文件-->
    <properties resource="db.properties"/>

    <!--mybatis配置文件中的标签是有顺序的-->
    <!--注册实体类的全限定名的别名-->
    <typeAliases>
        <!--方式一：这种方式配置不太方便-->
        <!--<typeAlias type="com.monkey1024.bean.Student" alias="student"/>-->

        <!--方式二：mybatis会在这个包下搜索需要的javabean-->
        <package name="com.monkey1024.bean"/>
    </typeAliases>

    <environments default="development">
        <environment id="development">
            <transactionManager type="JDBC"/>
            <dataSource type="POOLED">
                <property name="driver" value="${jdbc.driver}"/>
                <property name="url" value="${jdbc.url}"/>
                <property name="username" value="${jdbc.user}"/>
                <property name="password" value="${jdbc.password}"/>
            </dataSource>
        </environment>
    </environments>


    <mappers>
        <!--注册映射文件-->
        <mapper resource="com/monkey1024/dao/UserMapper.xml"/>
    </mappers>
</configuration>